tipo_alojamiento,porcentaje
Entire home/apt,81.16760828625236
Private room,16.57250470809793
Hotel room,1.5065913370998116
Shared room,0.7532956685499058
